"","day_index","day","year","mo","temp","prcp","NUM_COLLISIONS"
"44",1,2,2013,1,35.4,0.08,0.365234375
"47",2,7,2013,1,45.4,0.01,0.03515625
"50",3,3,2013,1,39.9,0,0.2578125
"54",4,5,2013,1,38,0,0.595703125
"68",5,6,2013,1,42.7,0.17,0.234375
"81",6,4,2013,1,39.4,0.47,0.265625
"85",7,1,2013,1,27.3,0,0.296875
"92",8,2,2013,1,42.3,0.24,0.314453125
"95",9,7,2013,1,35.7,0.01,0.07421875
"102",10,3,2013,1,27.5,0,0.244140625
"105",11,6,2013,1,24.4,0,0.396484375
"107",12,1,2013,1,47.2,0,0.365234375
"115",13,2,2013,1,39.8,0,0.30859375
"127",14,1,2013,1,35.9,0.01,0.32421875
"136",15,4,2013,1,21.8,0,0.37890625
"165",16,3,2013,1,45.1,0.03,0.27734375
"169",17,1,2013,1,31.2,0,0
"174",18,6,2013,1,37.3,0,0.06640625
"177",19,2,2013,1,26.3,0.14,0.369140625
"178",20,7,2013,1,46.3,0,0.07421875
"184",21,3,2013,1,16.2,0.01,0.37109375
"186",22,4,2013,1,43.5,0,0.390625
"188",23,2,2013,1,38,0,0.05078125
"190",24,5,2013,1,19,0,0.623046875
"199",25,3,2013,1,41.6,0.35,0.435546875
"203",26,5,2013,1,32.2,0,0.29296875
"210",27,4,2013,1,14.3,0,0.388671875
"214",28,7,2013,1,21.7,0,0.14453125
"217",29,5,2013,1,28.1,0.01,0.40234375
"221",30,6,2013,1,35.9,0,0.251953125
"248",31,4,2013,1,46.5,0.02,0.462890625
"327",32,2,2013,2,35,0.02,0.35546875
"329",33,5,2013,2,38.6,0,0.486328125
"336",34,3,2013,2,34.8,0.02,0.412109375
"341",35,4,2013,2,41.4,0.32,0.31640625
"347",36,2,2013,2,28.7,0,0.412109375
"354",37,4,2013,2,29.4,0,0.333984375
"359",38,6,2013,2,36.3,0,0.32421875
"361",39,3,2013,2,36.1,0,0.419921875
"374",40,4,2013,2,36.6,0.11,0.5390625
"384",41,2,2013,2,36.7,0,0.23828125
"393",42,1,2013,2,37.5,0.75,0.263671875
"399",43,7,2013,2,30.7,0.01,0.17578125
"404",44,6,2013,2,39.2,0,0.18359375
"413",45,2,2013,2,41.4,0.36,0.279296875
"431",46,6,2013,2,27.6,0,0.349609375
"444",47,1,2013,2,29,0,0.38671875
"451",48,1,2013,2,36.4,0,0.234375
"455",49,4,2013,2,30.6,0.03,0.279296875
"463",50,5,2013,2,35.4,0,0.34375
"485",51,7,2013,2,42.6,1.07,0.138671875
"495",52,7,2013,2,24.7,0.06,0.087890625
"507",53,3,2013,2,38.7,0.65,0.302734375
"508",54,5,2013,2,33.1,0.23,0.427734375
"509",55,1,2013,2,24.6,0,0.083984375
"519",56,3,2013,2,44.1,0.24,0.380859375
"526",57,7,2013,2,30.9,0.01,0.1796875
"529",58,5,2013,2,34.3,0,0.6796875
"533",59,6,2013,2,29.2,1.64,0.09375
"571",60,1,2013,3,39.9,0,0.326171875
"573",61,7,2013,3,37.4,0,0.287109375
"583",62,6,2013,3,44.5,0.02,0.30859375
"585",63,7,2013,3,43,0,0.138671875
"590",64,5,2013,3,45.2,0.02,0.322265625
"593",65,6,2013,3,38.2,0,0.232421875
"596",66,7,2013,3,34.8,0,0.138671875
"601",67,7,2013,3,39.1,0,0.1875
"610",68,1,2013,3,32.1,0,0.5234375
"628",69,3,2013,3,41.7,0.01,0.16796875
"642",70,1,2013,3,37,0,0.47265625
"645",71,2,2013,3,46,0,0.375
"648",72,4,2013,3,37,0.49,0.39453125
"674",73,5,2013,3,34.3,0.23,0.486328125
"676",74,7,2013,3,39,0,0.1171875
"680",75,6,2013,3,37.1,0,0.32421875
"682",76,3,2013,3,46.3,0.54,0.548828125
"689",77,5,2013,3,39.3,0.08,0.484375
"701",78,1,2013,3,38.1,0,0.279296875
"703",79,2,2013,3,38.5,0,0.3359375
"706",80,4,2013,3,42.5,0.02,0.37890625
"711",81,4,2013,3,38.3,0,0.298828125
"725",82,6,2013,3,38.5,0.02,0.259765625
"728",83,2,2013,3,39.6,0.41,0.3984375
"735",84,2,2013,3,39.8,0.05,0.13671875
"739",85,5,2013,3,31.2,0,0.4921875
"752",86,3,2013,3,36.5,0.35,0.361328125
"761",87,3,2013,3,39.1,0.02,0.234375
"774",88,6,2013,3,39.2,0.4,0.41796875
"783",89,5,2013,3,37.4,1.58,0.96875
"786",90,4,2013,3,38.3,0.8,0.3515625
"842",91,6,2013,4,46.6,0,0.31640625
"843",92,7,2013,4,48,0,0.166015625
"847",93,1,2013,4,49.7,0,0.474609375
"856",94,1,2013,4,46.1,0,0.484375
"859",95,2,2013,4,51,0,0.431640625
"866",96,5,2013,4,49.5,0.06,0.625
"873",97,1,2013,4,50,0,0.443359375
"879",98,7,2013,4,46.1,0.09,0.228515625
"905",99,4,2013,4,50.8,0.01,0.4453125
"911",100,7,2013,4,45.1,0.24,0.2265625
"912",101,3,2013,4,46.5,0.12,0.439453125
"913",102,2,2013,4,46,0,0.408203125
"926",103,3,2013,4,52.1,0.03,0.3515625
"932",104,5,2013,4,42.9,0.01,0.443359375
"937",105,7,2013,4,39.7,0,0.1875
"940",106,4,2013,4,46.5,0,0.38671875
"964",107,4,2013,4,46.2,0.06,0.31640625
"972",108,5,2013,4,52.6,0,0.419921875
"976",109,4,2013,4,39,0,0.412109375
"977",110,2,2013,4,49.4,0,0.50390625
"980",111,1,2013,4,43,0,0.41015625
"988",112,6,2013,4,40.2,0.33,0.34375
"1009",113,2,2013,4,44.6,0.11,0.30859375
"1023",114,2,2013,4,39.6,0.02,0.16015625
"1027",115,6,2013,4,44.4,1.44,0.390625
"1041",116,6,2013,4,52.7,0.62,0.345703125
"1043",117,3,2013,4,42.6,0,0.345703125
"1048",118,5,2013,4,43.6,0.01,0.57421875
"1052",119,1,2013,4,47,0.18,0.2421875
"1062",120,3,2013,4,47.5,1.77,0.474609375
"1112",121,2,2013,5,54.4,0,0.462890625
"1117",122,1,2013,5,49.2,0,0.40234375
"1126",123,3,2013,5,49.9,0,0.431640625
"1137",124,2,2013,5,56.6,0,0.646484375
"1149",125,7,2013,5,56.3,0,0.369140625
"1152",126,6,2013,5,54.6,0,0.294921875
"1157",127,5,2013,5,62,0.02,0.744140625
"1161",128,3,2013,5,57.8,0,0.419921875
"1168",129,5,2013,5,56.1,0,0.669921875
"1175",130,2,2013,5,58,0.24,0.66796875
"1178",131,4,2013,5,49.9,0,0.44921875
"1183",132,4,2013,5,57.2,0.01,0.482421875
"1201",133,4,2013,5,60.9,0.26,0.64453125
"1209",134,6,2013,5,55.6,1.03,0.310546875
"1213",135,7,2013,5,47.8,0,0.3125
"1235",136,3,2013,5,59.4,0.01,0.517578125
"1252",137,6,2013,5,56.2,0,0.328125
"1259",138,7,2013,5,56.2,1.62,0.3359375
"1271",139,1,2013,5,57.5,0.33,0.58984375
"1289",140,4,2013,5,61.5,0,0.7421875
"1291",141,1,2013,5,53.1,0.07,0.43359375
"1295",142,2,2013,5,51,0,0.41015625
"1310",143,7,2013,5,50.2,0.54,0.1953125
"1314",144,3,2013,5,57.9,0.51,0.427734375
"1318",145,1,2013,5,56.9,0.01,0.126953125
"1320",146,5,2013,5,58.2,0,0.75390625
"1321",147,4,2013,5,57.7,0.02,0.3984375
"1325",148,3,2013,5,53.1,0.16,0.345703125
"1330",149,6,2013,5,47.8,0,0.439453125
"1334",150,5,2013,5,46.9,0,0.646484375
"1357",151,5,2013,5,61,1.24,0.611328125
"1418",152,1,2013,6,62.2,0,0.525390625
"1419",153,3,2013,6,58.6,0,0.4765625
"1434",154,5,2013,6,62,0.05,0.654296875
"1466",155,2,2013,6,60.9,0.07,0.50390625
"1469",156,4,2013,6,60.6,0.1,0.63671875
"1478",157,6,2013,6,63.4,0,0.4765625
"1491",158,7,2013,6,63.6,0.01,0.34765625
"1492",159,4,2013,6,65.5,0,0.474609375
"1493",160,6,2013,6,62.4,0.14,0.470703125
"1494",161,1,2013,6,63.2,0.03,0.505859375
"1496",162,2,2013,6,69.7,0,0.572265625
"1498",163,4,2013,6,58.6,0,0.48828125
"1501",164,7,2013,6,64.9,0.01,0.29296875
"1510",165,7,2013,6,65.4,0.05,0.1328125
"1521",166,2,2013,6,61.8,0.34,0.50390625
"1529",167,6,2013,6,60.9,0,0.5390625
"1531",168,4,2013,6,60.8,0,0.349609375
"1535",169,7,2013,6,61.3,0.01,0.23828125
"1543",170,1,2013,6,66.8,0,0.634765625
"1548",171,3,2013,6,69.5,0,0.51953125
"1563",172,2,2013,6,60.8,1.36,0.546875
"1569",173,7,2013,6,61.8,0,0.2578125
"1576",174,5,2013,6,56.1,0,0.8515625
"1594",175,3,2013,6,64,0.03,0.5078125
"36",366,5,2014,1,38.6,0,0.546875
"51",367,5,2014,1,28.8,0,0.720982142857143
"52",368,4,2014,1,40.8,0,0.395089285714286
"60",369,4,2014,1,23.5,0,0.484375
"63",370,1,2014,1,38.6,0.01,0.5
"79",371,3,2014,1,20.3,0.02,0.680803571428571
"93",372,5,2014,1,33.7,0,0.482142857142857
"96",373,2,2014,1,45.5,0,0.479910714285714
"106",374,3,2014,1,41.1,0.62,0.533482142857143
"109",375,5,2014,1,14.8,0,0.805803571428571
"111",376,4,2014,1,22,0.01,0.698660714285714
"125",377,3,2014,1,18.2,0,0.607142857142857
"129",378,1,2014,1,38.8,0,0.372767857142857
"135",379,2,2014,1,22.2,0,0.357142857142857
"161",381,6,2014,1,38.8,0,0.232142857142857
"162",382,4,2014,1,16.5,0,0.598214285714286
"171",383,1,2014,1,46.3,0.04,0.388392857142857
"192",384,3,2014,1,28.2,0,0.122767857142857
"198",385,6,2014,1,18.8,0.01,0.165178571428571
"208",387,6,2014,1,44.8,0,0.270089285714286
"215",388,7,2014,1,26.8,0.03,0.270089285714286
"216",389,1,2014,1,41,0,0.0357142857142857
"231",390,4,2014,1,31.1,0,0.578125
"245",391,6,2014,1,32,0,0.292410714285714
"249",392,7,2014,1,36.1,0.04,0.0803571428571429
"253",393,7,2014,1,45.1,1.6,0.0982142857142857
"260",394,2,2014,1,23.9,0.12,0.328125
"274",395,5,2014,1,24.2,0.15,0.176339285714286
"275",396,3,2014,1,25,0.01,0.34375
"314",397,6,2014,2,35.6,0,0.363839285714286
"324",398,7,2014,2,30.3,0,0.236607142857143
"332",399,6,2014,2,28.2,0,0.178571428571429
"338",400,7,2014,2,42,0,0.15625
"342",401,2,2014,2,32.5,0.61,0.600446428571429
"346",402,5,2014,2,28.1,0,0.738839285714286
"358",403,7,2014,2,39.3,0.1,0.162946428571429
"364",404,2,2014,2,24,0,0.651785714285714
"369",406,4,2014,2,39.6,0.19,0.473214285714286
"379",407,4,2014,2,24.7,0,0.506696428571429
"388",408,3,2014,2,23.7,0,0.660714285714286
"391",409,3,2014,2,25.8,0,0.372767857142857
"402",410,4,2014,2,30.4,0.56,0.502232142857143
"418",411,1,2014,2,37.5,0.09,0.502232142857143
"425",412,1,2014,2,24.3,0,0.328125
"428",413,1,2014,2,28.9,0,0.745535714285714
"435",414,5,2014,2,42.2,0.26,0.448660714285714
"447",415,2,2014,2,27,0.04,0.377232142857143
"448",416,3,2014,2,35,0.11,0.464285714285714
"471",417,6,2014,2,41.4,0.44,0.542410714285714
"476",418,3,2014,2,32.3,0.1,0.276785714285714
"486",419,5,2014,2,20.3,0,0.694196428571429
"494",420,4,2014,2,37,0,0.229910714285714
"502",421,2,2014,2,28.2,0,0.388392857142857
"504",422,6,2014,2,35.2,0.02,0.383928571428571
"525",423,7,2014,2,29.8,0.63,0.267857142857143
"528",424,5,2014,2,40.2,1.41,1
"563",425,2,2014,3,26.5,0,0.290178571428571
"572",426,6,2014,3,24.1,0,0.341517857142857
"577",427,2,2014,3,24.8,0,0.419642857142857
"579",428,2,2014,3,41.3,0,0.370535714285714
"597",429,5,2014,3,29.4,0,0.421875
"599",430,1,2014,3,33.5,0,0.377232142857143
"600",431,3,2014,3,35,0,0.404017857142857
"603",432,7,2014,3,35.1,0,0
"604",433,7,2014,3,38.9,0,0.185267857142857
"607",434,2,2014,3,27.7,0,0.462053571428571
"608",435,7,2014,3,35.2,0,0.133928571428571
"614",436,6,2014,3,40.3,0,0.381696428571429
"620",437,6,2014,3,41.3,0,0.390625
"629",438,6,2014,3,44.9,0.02,0.502232142857143
"632",439,7,2014,3,35.3,0,0.151785714285714
"653",440,3,2014,3,43.4,0,0.381696428571429
"675",441,1,2014,3,28.5,0,0.390625
"691",442,5,2014,3,25.4,0.03,0.537946428571429
"693",443,7,2014,3,46.3,1.22,0.207589285714286
"700",444,5,2014,3,41.2,0,0.415178571428571
"708",445,3,2014,3,29.5,0,0.328125
"714",446,4,2014,3,26.3,0,0.477678571428571
"715",447,5,2014,3,39.3,0,0.546875
"720",448,6,2014,3,38.1,0,0.332589285714286
"726",449,4,2014,3,32.2,0.6,0.448660714285714
"734",450,4,2014,3,41.7,0.4,0.631696428571429
"740",451,1,2014,3,27.4,0,0.453125
"741",452,4,2014,3,28.4,0,0.433035714285714
"753",453,1,2014,3,27.3,0,0.214285714285714
"758",454,1,2014,3,37.8,0.29,0.479910714285714
"787",455,3,2014,3,30.8,0,0.488839285714286
"844",456,2,2014,4,49.5,0,0.256696428571429
"857",457,3,2014,4,39.3,0,0.390625
"861",458,1,2014,4,43.1,0,0.395089285714286
"877",459,6,2014,4,50.1,0,0.522321428571429
"880",460,6,2014,4,45.7,0,0.404017857142857
"884",461,7,2014,4,47,0,0.308035714285714
"890",462,7,2014,4,42.4,0.37,0.234375
"895",463,5,2014,4,40,0,0.620535714285714
"898",464,5,2014,4,40.4,0,0.339285714285714
"906",465,1,2014,4,42,0,0.421875
"908",466,4,2014,4,41.6,0,0.671875
"914",467,5,2014,4,49,0,0.609375
"920",468,3,2014,4,43.5,0.01,0.685267857142857
"925",469,4,2014,4,40.9,0,0.553571428571429
"930",470,7,2014,4,41.1,0,0.3125
"934",471,3,2014,4,49.5,0.01,0.428571428571429
"938",472,3,2014,4,46.8,0.45,0.560267857142857
"946",473,5,2014,4,48,0,0.591517857142857
"947",474,1,2014,4,52.2,0,0.379464285714286
"956",475,7,2014,4,44.2,0,0.109375
"959",476,6,2014,4,44.9,0,0.455357142857143
"971",477,6,2014,4,44.8,0.03,0.526785714285714
"979",478,1,2014,4,46.5,0.01,0.564732142857143
"994",479,4,2014,4,37.5,0.67,0.366071428571429
"1006",480,2,2014,4,44.2,0,0.470982142857143
"1012",481,2,2014,4,52.6,0,0.241071428571429
"1025",482,2,2014,4,47.7,0.7,0.584821428571429
"1038",483,3,2014,4,42.9,0.71,0.504464285714286
"1049",484,2,2014,4,37.1,0.03,0.457589285714286
"1053",485,4,2014,4,49.6,0.12,0.540178571428571
"1118",486,7,2014,5,53.7,0,0.285714285714286
"1125",487,5,2014,5,49.7,0,0.683035714285714
"1127",488,3,2014,5,56.3,0,0.515625
"1133",489,2,2014,5,52.2,0.01,0.493303571428571
"1138",490,3,2014,5,51.6,0,0.578125
"1146",491,4,2014,5,52,0,0.5625
"1148",492,5,2014,5,54.9,0.02,0.705357142857143
"1155",493,6,2014,5,50.9,0.01,0.549107142857143
"1169",494,4,2014,5,50.3,0,0.555803571428571
"1173",495,1,2014,5,57.8,0.23,0.529017857142857
"1179",496,5,2014,5,51.5,0,0.535714285714286
"1184",497,1,2014,5,53.7,0,0.611607142857143
"1186",498,6,2014,5,54.8,0,0.457589285714286
"1200",499,5,2014,5,51.9,0.21,0.790178571428571
"1202",500,1,2014,5,56.7,0,0.198660714285714
"1205",501,7,2014,5,56.5,0.43,0.363839285714286
"1211",502,5,2014,5,58.3,0,0.794642857142857
"1212",503,4,2014,5,57.8,0,0.703125
"1219",504,3,2014,5,51.2,0,0.65625
"1231",505,1,2014,5,56.9,0,0.508928571428571
"1240",506,2,2014,5,61.1,0.02,0.671875
"1275",507,4,2014,5,52,0.01,0.712053571428571
"1294",508,4,2014,5,50.3,0.35,0.683035714285714
"1300",509,7,2014,5,58.3,0.24,0.535714285714286
"1305",510,6,2014,5,57.7,0.26,0.613839285714286
"1324",511,2,2014,5,56.4,0.11,0.683035714285714
"1328",512,7,2014,5,51.4,0.02,0.238839285714286
"1337",513,2,2014,5,51.8,0,0.482142857142857
"1340",514,3,2014,5,51.1,0,0.433035714285714
"1350",515,6,2014,5,53.9,0,0.542410714285714
"1356",516,6,2014,5,54.6,0.01,0.316964285714286
"1405",517,6,2014,6,62.2,0.02,0.595982142857143
"1406",518,7,2014,6,64.9,0,0.383928571428571
"1410",519,7,2014,6,64.7,0.01,0.430803571428571
"1420",520,2,2014,6,63.8,0.03,0.502232142857143
"1425",521,1,2014,6,62.1,0,0.669642857142857
"1427",522,4,2014,6,67.3,0,0.738839285714286
"1431",523,1,2014,6,61.2,0,0.410714285714286
"1438",524,7,2014,6,63.2,0,0.296875
"1445",525,6,2014,6,66.5,0.26,0.600446428571429
"1452",526,5,2014,6,64.6,0.08,0.939732142857143
"1460",527,3,2014,6,55.2,0,0.53125
"1461",528,2,2014,6,62.5,0,0.71875
"1465",529,2,2014,6,60,0,0.642857142857143
"1471",530,1,2014,6,67.3,0.01,0.59375
"1476",531,6,2014,6,65.6,0,0.622767857142857
"1477",532,6,2014,6,59.9,0,0.475446428571429
"1490",533,3,2014,6,66.8,0,0.674107142857143
"1504",534,7,2014,6,66.1,0.02,0.292410714285714
"1518",535,1,2014,6,57.4,0,0.667410714285714
"1520",536,1,2014,6,65.2,0,0.620535714285714
"1534",537,2,2014,6,58.2,0,0.712053571428571
"1536",538,3,2014,6,61.2,0.16,0.517857142857143
"1550",539,7,2014,6,58.4,0,0.580357142857143
"1552",540,5,2014,6,61.3,2.21,0.890625
"59",731,4,2015,1,35.5,0.13,0.341513292433538
"66",732,3,2015,1,32.3,0,0.314928425357873
"67",733,4,2015,1,29.2,0,0.3640081799591
"75",734,3,2015,1,32.1,0.15,0.337423312883436
"76",735,7,2015,1,27.1,0,0
"87",736,1,2015,1,40.9,0,0.488752556237219
"97",737,5,2015,1,35.1,0,0.574642126789366
"110",738,5,2015,1,31.6,0.09,0.525562372188139
"114",739,6,2015,1,26.9,0,0.286298568507157
"124",740,4,2015,1,35.8,0.03,0.423312883435583
"133",741,6,2015,1,34.5,0,0.235173824130879
"159",742,5,2015,1,40.4,0,0.206543967280164
"172",743,2,2015,1,35.7,0.03,0.325153374233129
"189",744,6,2015,1,20.2,0,0.314928425357873
"191",745,2,2015,1,20.8,0,0.89161554192229
"196",746,4,2015,1,13.1,0,0.474437627811861
"204",747,7,2015,1,36.5,0.9,0.132924335378323
"209",748,2,2015,1,32.6,0.82,0.556237218813906
"213",749,7,2015,1,48.6,0.21,0.081799591002045
"219",750,4,2015,1,31.8,0,0.110429447852761
"220",751,1,2015,1,31.2,0,0.292433537832311
"227",753,5,2015,1,34.5,0.02,0.45398773006135
"228",754,1,2015,1,41.7,0.26,0.316973415132924
"230",755,6,2015,1,38.5,0.23,0.177914110429448
"237",756,3,2015,1,22.6,0,0.402862985685072
"241",757,6,2015,1,24.5,0.06,0.378323108384458
"254",758,1,2015,1,44,0.27,0.321063394683027
"264",759,3,2015,1,21.6,0.23,0.239263803680982
"277",760,5,2015,1,35.2,0,0.838445807770961
"323",762,7,2015,2,34.5,0,0.10838445807771
"330",763,6,2015,2,22.2,0,0.402862985685072
"335",764,3,2015,2,28.1,0,0.498977505112474
"339",765,3,2015,2,30.6,0,0.582822085889571
"355",766,4,2015,2,31,0,0.378323108384458
"370",767,5,2015,2,24.2,0,0.740286298568507
"371",768,6,2015,2,21.9,0,0.359918200408998
"375",769,2,2015,2,21.7,0,0.570552147239264
"383",770,6,2015,2,27.4,0,0.220858895705521
"423",771,1,2015,2,29.4,0.25,0.476482617586912
"441",772,2,2015,2,14.3,0,0.488752556237219
"443",773,1,2015,2,37.1,0.04,0.421267893660532
"445",774,3,2015,2,29.9,0.02,0.586912065439673
"449",775,6,2015,2,20.6,0,0.194274028629857
"466",776,7,2015,2,36,0.82,0.3640081799591
"482",777,5,2015,2,14.1,0.01,0.572597137014315
"484",778,5,2015,2,21.8,0.04,0.850715746421268
"490",779,7,2015,2,24.8,0,0.0408997955010225
"493",780,4,2015,2,27,0,0.355828220858896
"496",781,4,2015,2,28,0,0.404907975460123
"500",782,5,2015,2,16.8,0.01,0.6359918200409
"505",783,1,2015,2,33.1,0,0.693251533742331
"506",784,2,2015,2,36.4,0.07,0.470347648261759
"513",785,4,2015,2,34.1,0,0.466257668711656
"515",786,3,2015,2,32.6,0.01,0.550102249488753
"516",787,1,2015,2,10.7,0,0.124744376278119
"524",788,2,2015,2,21,0.86,0.815950920245399
"532",789,7,2015,2,25.7,0.04,0.231083844580777
"562",790,7,2015,3,23.1,0,0.719836400817996
"568",791,3,2015,3,33.6,0,0.402862985685072
"576",792,2,2015,3,31.4,0,0.531697341513292
"584",793,5,2015,3,30.3,0,0.468302658486708
"587",794,2,2015,3,36.5,0,0.496932515337423
"588",795,6,2015,3,34.2,0.02,0.339468302658487
"595",796,1,2015,3,36.8,0,0.439672801635992
"611",797,4,2015,3,32.7,0.31,1
"626",798,2,2015,3,27,0.12,0.593047034764826
"631",799,7,2015,3,33.8,0,0.251533742331288
"661",800,4,2015,3,42.6,0.02,0.376278118609407
"670",802,3,2015,3,42.1,0.55,0.458077709611452
"685",804,1,2015,3,33.4,0.36,0.631901840490798
"686",805,3,2015,3,36.1,0.31,0.476482617586912
"690",806,5,2015,3,31.1,0,0.548057259713701
"692",807,5,2015,3,42.4,0.44,0.390593047034765
"696",808,2,2015,3,39.4,0,0.586912065439673
"697",809,1,2015,3,35.6,0,0.65439672801636
"698",810,6,2015,3,37.4,0.24,0.241308793456033
"704",811,7,2015,3,38.5,1.16,0.241308793456033
"709",812,6,2015,3,38.7,0,0.339468302658487
"713",813,6,2015,3,25,0,0.484662576687117
"721",814,1,2015,3,27.2,0,0.501022494887526
"732",815,4,2015,3,38.1,0.25,0.501022494887526
"749",816,7,2015,3,35.1,0.13,0.186094069529652
"760",817,4,2015,3,27.6,0,0.492842535787321
"763",818,2,2015,3,38.6,0.01,0.38241308793456
"765",819,1,2015,3,32.9,0.01,0.384458077709611
"779",820,3,2015,3,31,0.19,0.421267893660532
"854",821,7,2015,4,46.1,0,0.278118609406953
"868",822,1,2015,4,45,0,0.43558282208589
"871",823,1,2015,4,43.2,0,0.34560327198364
"872",824,4,2015,4,46.4,0,0.447852760736196
"881",825,6,2015,4,51.9,0.12,0.539877300613497
"893",826,3,2015,4,49.3,0,0.69120654396728
"896",827,1,2015,4,49,0,0.443762781186094
"907",828,5,2015,4,47.5,0,0.69120654396728
"910",829,4,2015,4,37.1,0,0.638036809815951
"917",830,4,2015,4,48.1,0,0.611451942740286
"923",831,3,2015,4,49.8,0.05,0.464212678936605
"924",832,7,2015,4,45,0,0.208588957055215
"952",833,2,2015,4,44.2,0.12,0.226993865030675
"955",834,7,2015,4,41.6,0.05,0.165644171779141
"962",835,6,2015,4,47.8,0.26,0.480572597137014
"965",836,6,2015,4,43.7,0,0.513292433537832
"968",837,3,2015,4,50.6,0.03,0.519427402862986
"974",838,5,2015,4,45,0,0.306748466257669
"983",839,2,2015,4,49.8,0,0.411042944785276
"985",840,7,2015,4,46.3,0,0.265848670756646
"991",841,5,2015,4,44,0,0.685071574642127
"995",842,3,2015,4,37.9,0.01,0.627811860940695
"1001",843,5,2015,4,43.9,0.01,0.296523517382413
"1007",844,4,2015,4,46.9,0.13,0.554192229038855
"1008",845,3,2015,4,41.2,0.06,0.23721881390593
"1030",846,4,2015,4,39.4,0.18,0.226993865030675
"1051",847,2,2015,4,46,0.02,0.556237218813906
"1054",848,6,2015,4,47.3,0.27,0.339468302658487
"1058",849,2,2015,4,51.5,0.32,0.621676891615542
"1064",850,1,2015,4,45.2,0,0.591002044989775
"1128",851,5,2015,5,65.4,0,0.965235173824131
"1131",852,6,2015,5,54.3,0,0.447852760736196
"1132",853,6,2015,5,55.5,0,0.631901840490798
"1139",854,7,2015,5,44.5,0,0.437627811860941
"1159",855,5,2015,5,54.4,0,0.78118609406953
"1160",856,3,2015,5,55.3,0,0.464212678936605
"1164",857,4,2015,5,54,0,0.640081799591002
"1165",858,2,2015,5,51.4,0,0.541922290388548
"1174",859,5,2015,5,52.4,0,0.752556237218814
"1185",860,4,2015,5,54.8,0,0.560327198364008
"1188",861,4,2015,5,55.9,0,0.701431492842536
"1193",862,1,2015,5,52.2,0,0.613496932515337
"1197",863,6,2015,5,44.4,0,0.406952965235174
"1199",864,6,2015,5,63.3,0,0.574642126789366
"1210",865,1,2015,5,58.9,0,0.161554192229039
"1215",866,7,2015,5,64.7,0,0.437627811860941
"1236",867,4,2015,5,62.4,0,0.697341513292434
"1248",868,1,2015,5,57.9,0,0.621676891615542
"1250",869,2,2015,5,57.1,0,0.607361963190184
"1254",870,5,2015,5,53.8,0.69,0.789366053169734
"1257",871,1,2015,5,53.9,0,0.460122699386503
"1260",872,7,2015,5,57,0.01,0.425357873210634
"1270",873,3,2015,5,59.5,0,0.642126789366053
"1282",874,2,2015,5,58.3,0.02,0.701431492842536
"1285",875,3,2015,5,62.4,0,0.7280163599182
"1293",876,7,2015,5,63.1,0,0.413087934560327
"1299",877,2,2015,5,61.1,0,0.705521472392638
"1304",878,3,2015,5,58.8,0.3,0.664621676891616
"1313",879,5,2015,5,43.8,0,0.615541922290389
"1338",881,6,2015,5,54.8,0.61,0.419222903885481
"1408",882,4,2015,6,59.1,0,0.560327198364008
"1429",883,2,2015,6,67.1,0,0.574642126789366
"1432",884,5,2015,6,53.1,0,0.717791411042945
"1435",885,4,2015,6,68.7,0,0.67280163599182
"1440",886,5,2015,6,65.6,0,0.79959100204499
"1450",887,7,2015,6,59.5,0.14,0.445807770961145
"1475",888,3,2015,6,65.2,0.07,0.666666666666667
"1479",889,6,2015,6,61.5,0,0.519427402862986
"1481",890,1,2015,6,67.1,1.8,0.885480572597137
"1483",891,5,2015,6,67,0,0.224948875255624
"1487",892,7,2015,6,66.9,0,0.484662576687117
"1506",893,4,2015,6,52.2,0.01,0.431492842535787
"1522",894,6,2015,6,62,0,0.335378323108384
"1526",895,5,2015,6,66,0,0.885480572597137
"1542",896,1,2015,6,64.3,0.11,0.656441717791411
"1544",897,1,2015,6,57.8,0,0.337423312883436
"1546",898,1,2015,6,59.6,0,0.59918200408998
"1558",899,2,2015,6,64,0,0.6359918200409
"1571",900,2,2015,6,65.5,0,0.740286298568507
"1578",901,3,2015,6,70.8,0.21,0.893660531697341
"1583",902,7,2015,6,64.9,0,0.570552147239264
"1584",903,4,2015,6,64.6,0,0.664621676891616
"1595",904,2,2015,6,64.2,0.47,0.515337423312883
"1599",905,2,2015,6,53.4,0.08,0.615541922290389
"35",1096,4,2016,1,35,0.09,0.6232741617357
"37",1097,1,2016,1,33.5,0.02,0.577909270216962
"43",1098,5,2016,1,41.3,0,0.552268244575937
"57",1099,7,2016,1,40.2,0.77,0.169625246548323
"64",1100,5,2016,1,36.5,0,0.70414201183432
"70",1101,4,2016,1,40.5,0,0.349112426035503
"82",1102,2,2016,1,33,0,0.536489151873767
"91",1103,3,2016,1,43,0,0.601577909270217
"98",1104,6,2016,1,37.8,0,0.455621301775148
"101",1105,6,2016,1,45.9,0,0.372781065088757
"112",1106,2,2016,1,42.2,0,0.727810650887574
"119",1107,3,2016,1,33.5,0,0.512820512820513
"120",1108,7,2016,1,45,0,0.329388560157791
"130",1109,5,2016,1,41.2,0.43,0.0552268244575937
"153",1110,6,2016,1,37.7,0.03,0.112426035502959
"179",1111,4,2016,1,28.9,0.01,0.457593688362919
"180",1112,4,2016,1,30.9,0,0.593688362919132
"181",1113,5,2016,1,41.3,0,0.467455621301775
"206",1114,5,2016,1,28,0,0.664694280078895
"207",1115,7,2016,1,44.4,0,0.132149901380671
"218",1116,1,2016,1,38.2,0,0.465483234714004
"225",1117,1,2016,1,43.2,2.17,0.621301775147929
"242",1118,3,2016,1,29.4,0,0.50887573964497
"243",1119,2,2016,1,25.5,0.02,0.585798816568047
"244",1120,1,2016,1,34.4,0.45,0.22879684418146
"262",1121,2,2016,1,27.7,0,0.542406311637081
"267",1122,6,2016,1,45.7,1.3,0.390532544378698
"269",1123,6,2016,1,34.6,0,0.0729783037475345
"270",1124,3,2016,1,32.9,0.13,0.473372781065089
"273",1125,7,2016,1,51.3,0,0.191321499013807
"276",1126,7,2016,1,34.5,0.37,0.299802761341223
"317",1127,3,2016,2,33.5,0,0.339250493096647
"334",1128,7,2016,2,38.7,0,0.11439842209073
"348",1129,2,2016,2,43.2,0.07,0.682445759368836
"349",1130,7,2016,2,46.8,0,0.22879684418146
"367",1131,1,2016,2,47.6,0,0.692307692307692
"372",1132,1,2016,2,41.8,0.07,0.493096646942801
"378",1133,6,2016,2,42.8,0.03,0.374753451676529
"381",1134,2,2016,2,36.5,0.04,0.50887573964497
"400",1136,3,2016,2,41.5,1.02,0.315581854043393
"406",1137,4,2016,2,36,0,0.447731755424063
"422",1139,5,2016,2,34.7,0,0.329388560157791
"446",1140,4,2016,2,31.5,0.01,0.506903353057199
"450",1141,6,2016,2,30.7,0,0.0453648915187377
"457",1142,2,2016,2,33.1,0.06,0.406311637080868
"458",1143,4,2016,2,51.6,0.75,0.481262327416174
"460",1144,7,2016,2,42.8,0,0.284023668639053
"462",1145,1,2016,2,47.8,0,0.495069033530572
"464",1146,3,2016,2,42.6,0,0.422090729783037
"480",1148,5,2016,2,19.3,0,0.518737672583826
"481",1149,6,2016,2,23.5,0,0.226824457593688
"498",1150,2,2016,2,44.5,0.02,0.493096646942801
"511",1151,6,2016,2,32.3,1.05,0.370808678500986
"517",1152,5,2016,2,40.2,0.04,0.218934911242604
"518",1153,4,2016,2,51,0.18,0.587771203155819
"521",1154,5,2016,2,40.8,1.44,0.477317554240631
"530",1155,1,2016,2,36.4,0.15,0.268244575936884
"560",1156,7,2016,3,33.2,0,0.266272189349112
"565",1157,7,2016,3,40,0,0.185404339250493
"582",1158,2,2016,3,44.4,0,0.526627218934911
"589",1159,3,2016,3,46.4,0,0.581854043392505
"592",1160,6,2016,3,41.2,0.02,0.512820512820513
"605",1161,6,2016,3,40,0,0.345167652859961
"609",1162,4,2016,3,45.4,0.01,0.487179487179487
"612",1163,4,2016,3,49.6,0,0.520710059171598
"619",1164,4,2016,3,45.1,0,0.532544378698225
"624",1165,7,2016,3,50.1,0,0.138067061143984
"638",1166,2,2016,3,43.2,0,0.585798816568047
"639",1167,4,2016,3,51,0,0.566074950690335
"655",1168,1,2016,3,36.8,0,0.406311637080868
"656",1169,5,2016,3,46.8,0.15,0.605522682445759
"666",1170,1,2016,3,45.1,0.02,0.577909270216962
"667",1171,3,2016,3,48.6,0,0.504930966469428
"672",1172,4,2016,3,29.9,0.14,0.512820512820513
"678",1173,5,2016,3,50.8,0,0.357001972386588
"681",1174,7,2016,3,37.2,0,0.224852071005917
"695",1175,5,2016,3,47,0,0.550295857988166
"699",1176,1,2016,3,43.8,0,0.542406311637081
"705",1177,3,2016,3,43.4,0,0.562130177514793
"707",1178,6,2016,3,44.8,0.9,0.325443786982249
"717",1179,1,2016,3,37.4,0.35,0.497041420118343
"719",1180,2,2016,3,40.8,0.01,0.518737672583826
"742",1181,3,2016,3,45.2,0.18,0.520710059171598
"744",1182,5,2016,3,33.9,0,0.631163708086785
"746",1183,2,2016,3,48.6,0.44,0.627218934911243
"751",1184,3,2016,3,45.7,0.15,0.568047337278107
"754",1185,2,2016,3,48.3,0.57,0.479289940828402
"781",1186,6,2016,3,34.8,0.37,0.465483234714004
"867",1187,1,2016,4,49.5,0,0.635108481262327
"869",1188,3,2016,4,45,0.24,0.285996055226824
"882",1189,6,2016,4,41.8,0,0.378698224852071
"886",1190,1,2016,4,48.4,0,0.242603550295858
"887",1191,5,2016,4,46.1,0,0.299802761341223
"900",1192,4,2016,4,47.7,0,0.244575936883629
"921",1193,5,2016,4,55.4,0,0.741617357001972
"939",1194,1,2016,4,47.8,0,0.510848126232742
"941",1195,6,2016,4,47.3,0,0.42603550295858
"945",1196,3,2016,4,46.7,0.13,0.660749506903353
"948",1197,2,2016,4,46.8,0.07,0.224852071005917
"949",1198,2,2016,4,52.5,0,0.538461538461538
"951",1199,6,2016,4,50.4,0.79,0.457593688362919
"960",1200,6,2016,4,53.4,0.13,0.560157790927022
"975",1201,3,2016,4,37,0,0.518737672583826
"982",1202,1,2016,4,36.5,0.07,0.627218934911243
"986",1203,2,2016,4,46.9,0,0.723865877712032
"987",1204,4,2016,4,49.6,0,0.648915187376726
"996",1205,7,2016,4,49.1,0.26,0.16370808678501
"1004",1206,7,2016,4,40.6,0,0.264299802761341
"1017",1207,7,2016,4,45.8,0,0.400394477317554
"1034",1208,3,2016,4,47.3,0.01,0.654832347140039
"1047",1209,4,2016,4,44,0,0.609467455621302
"1056",1210,5,2016,4,46.4,0,0.725838264299803
"1060",1211,2,2016,4,35.1,0,0.605522682445759
"1065",1212,6,2016,4,44.3,0,0.619329388560158
"1068",1213,5,2016,4,54.8,0.01,0.664694280078895
"1070",1214,5,2016,4,49.7,0.44,0.652859960552268
"1075",1215,4,2016,4,50.9,0,0.522682445759369
"1077",1216,7,2016,4,41.7,1.12,0.433925049309665
"1120",1217,4,2016,5,55.2,0,0.747534516765286
"1124",1218,6,2016,5,55.7,0,0.400394477317554
"1144",1219,6,2016,5,59.4,0.1,0.441814595660749
"1145",1220,4,2016,5,53.9,0.05,0.648915187376726
"1147",1221,3,2016,5,55.6,0,0.658777120315582
"1151",1222,5,2016,5,60,0,0.792899408284024
"1153",1223,5,2016,5,56.4,0,0.822485207100592
"1163",1224,7,2016,5,45.2,0,0.234714003944773
"1170",1225,7,2016,5,64.6,0,0.396449704142012
"1177",1226,6,2016,5,52.5,0,0.406311637080868
"1180",1227,7,2016,5,48.5,0,0.445759368836292
"1181",1228,3,2016,5,57.9,0.01,0.725838264299803
"1189",1229,2,2016,5,48.2,0.04,0.682445759368836
"1190",1230,5,2016,5,55.5,0,0.790927021696253
"1204",1231,4,2016,5,65.7,0,0.743589743589744
"1229",1232,1,2016,5,59.4,0.03,0.566074950690335
"1243",1233,2,2016,5,54.6,0,0.650887573964497
"1255",1234,1,2016,5,51.3,0.22,0.441814595660749
"1264",1235,6,2016,5,62.5,0,0.516765285996055
"1274",1236,1,2016,5,62.4,0.01,0.209072978303748
"1276",1237,2,2016,5,51.9,0,0.479289940828402
"1284",1238,2,2016,5,55,0,0.510848126232742
"1311",1239,2,2016,5,62.8,0.03,0.779092702169625
"1326",1240,7,2016,5,56.3,0.07,0.406311637080868
"1327",1241,3,2016,5,55.5,0.06,0.613412228796844
"1335",1242,1,2016,5,54,0.01,0.554240631163708
"1341",1243,7,2016,5,55.7,0.09,0.285996055226824
"1354",1244,4,2016,5,45.5,0.52,0.514792899408284
"1355",1245,3,2016,5,47.3,0.71,0.568047337278107
"1358",1246,5,2016,5,48.5,0.93,0.715976331360947
"1360",1247,1,2016,5,50.8,0,0.743589743589744
"1416",1248,7,2016,6,60.8,0,0.428007889546351
"1424",1249,4,2016,6,68.9,0,0.781065088757396
"1426",1250,6,2016,6,60.2,0,0.532544378698225
"1430",1251,5,2016,6,58.4,0,0.680473372781065
"1437",1252,4,2016,6,63,0,0.548323471400395
"1443",1253,2,2016,6,66.1,0,0.611439842209073
"1454",1254,6,2016,6,62.6,0,0.660749506903353
"1458",1255,1,2016,6,61.4,0,0.749506903353057
"1468",1256,3,2016,6,67.2,0,0.635108481262327
"1470",1257,5,2016,6,63,0,0.755424063116371
"1474",1258,6,2016,6,62.1,0,0.637080867850099
"1488",1259,4,2016,6,55.7,0.01,0.627218934911243
"1495",1260,1,2016,6,64.3,0,0.696252465483235
"1497",1261,3,2016,6,63.7,0,0.73767258382643
"1505",1262,7,2016,6,59.9,0,0.382642998027613
"1512",1263,4,2016,6,65.2,0,0.63905325443787
"1515",1264,2,2016,6,61.2,0,0.678500986193294
"1528",1265,5,2016,6,65.3,0,0.879684418145957
"1538",1266,3,2016,6,65.6,0.09,0.761341222879684
"1540",1267,3,2016,6,64,0.05,0.80276134122288
"1554",1268,5,2016,6,59.2,0,0.893491124260355
"1555",1269,6,2016,6,58.1,0,0.431952662721893
"1557",1270,2,2016,6,63.6,0.13,0.6232741617357
"45",1462,5,2017,1,39.9,0,0.483126110124334
"58",1463,1,2017,1,37.4,0.03,0.206039076376554
"71",1464,5,2017,1,31.7,0.03,0.474245115452931
"83",1465,2,2017,1,40,0,0.575488454706927
"84",1466,4,2017,1,40.7,0.1,0.492007104795737
"88",1467,7,2017,1,38,0,0.168738898756661
"89",1468,1,2017,1,34,0,0.376554174067496
"90",1469,1,2017,1,31.6,0,0.255772646536412
"94",1470,7,2017,1,43.2,0,0.13854351687389
"116",1471,6,2017,1,42.3,0,0.252220248667851
"143",1472,7,2017,1,44.4,0.03,0.269982238010657
"144",1473,6,2017,1,29.8,0,0.287744227353464
"148",1474,1,2017,1,18.3,0,0.596802841918295
"149",1475,4,2017,1,44.3,0.02,0.408525754884547
"156",1476,2,2017,1,28.1,0,0.422735346358792
"158",1477,3,2017,1,41.6,0.26,0.383658969804618
"160",1478,4,2017,1,47.8,0.42,0.55595026642984
"168",1479,7,2017,1,33.6,0.01,0.27886323268206
"173",1480,2,2017,1,35.6,0,0.468916518650089
"183",1481,3,2017,1,46.5,0.87,0.456483126110124
"193",1482,2,2017,1,44.3,0.11,0.579040852575488
"200",1483,5,2017,1,46.8,0.39,0.481349911190053
"211",1484,4,2017,1,36.4,0,0.38898756660746
"222",1485,3,2017,1,41.1,0.4,0.431616341030195
"229",1486,6,2017,1,38.7,0,0.298401420959147
"234",1487,1,2017,1,40.9,0,0.593250444049734
"240",1488,3,2017,1,45,0.33,0.525754884547069
"259",1489,2,2017,1,48.9,0.85,0.410301953818828
"261",1490,5,2017,1,42.1,0.1,0.44404973357016
"266",1491,6,2017,1,31.3,0.11,1
"272",1492,7,2017,1,24.1,0.37,0.129662522202487
"331",1493,3,2017,2,40.6,0,0.255772646536412
"333",1494,2,2017,2,37.1,0,0.266429840142096
"337",1495,2,2017,2,44.2,0,0.458259325044405
"344",1496,5,2017,2,30.9,0,0.490230905861456
"351",1497,4,2017,2,44,0,0.440497335701599
"366",1498,6,2017,2,49.8,0,0.426287744227353
"382",1499,5,2017,2,47.5,0,0.575488454706927
"392",1500,7,2017,2,47.8,0,0.186500888099467
"397",1501,6,2017,2,37,0,0.420959147424512
"398",1502,7,2017,2,36.1,0,0.170515097690941
"407",1503,6,2017,2,32,0.01,0.316163410301954
"426",1504,1,2017,2,39.1,0,0.367673179396092
"427",1505,3,2017,2,36.6,0,0.479573712255773
"430",1506,5,2017,2,31.8,0,0.616341030195382
"432",1507,3,2017,2,46.2,0.13,0.603907637655417
"433",1508,1,2017,2,37.5,0.02,0.41740674955595
"434",1509,1,2017,2,41.9,0,0.168738898756661
"437",1510,4,2017,2,37.7,0,0.449378330373002
"439",1511,4,2017,2,36.1,0.63,0.566607460035524
"442",1512,6,2017,2,28.4,0,0.369449378330373
"454",1513,3,2017,2,38.7,0,0.428063943161634
"456",1514,7,2017,2,35.6,0.3,0.188277087033748
"467",1515,2,2017,2,38.1,0,0.520426287744227
"475",1516,7,2017,2,43,0,0.229129662522202
"510",1517,2,2017,2,30.1,0,0.630550621669627
"520",1518,1,2017,2,35.9,0.13,0.548845470692718
"527",1519,5,2017,2,21,1.26,0.66607460035524
"531",1520,4,2017,2,38.1,0.01,0.309058614564831
"570",1521,2,2017,3,39.9,0,0.538188277087034
"578",1522,2,2017,3,40.7,0.01,0.460035523978686
"586",1523,6,2017,3,34.7,0,0.303730017761989
"617",1524,5,2017,3,33.2,0,0.731793960923623
"618",1525,1,2017,3,28.9,0,0.506216696269982
"622",1526,5,2017,3,37.6,0,0.746003552397869
"623",1527,1,2017,3,21.9,0,0.815275310834814
"625",1528,1,2017,3,42,0.03,0.525754884547069
"630",1529,5,2017,3,33,0,0.75133214920071
"635",1530,7,2017,3,37,0,0.218472468916519
"636",1531,5,2017,3,35.3,0,0.570159857904085
"649",1532,4,2017,3,40,0.15,0.543516873889876
"650",1533,2,2017,3,36.7,0,0.539964476021314
"658",1534,6,2017,3,42.9,0,0.422735346358792
"694",1535,7,2017,3,20,0,0.325044404973357
"702",1536,3,2017,3,41.9,0.43,0.602131438721137
"710",1537,3,2017,3,45.9,0.07,0.490230905861456
"722",1538,5,2017,3,35.5,0,0.495559502664298
"729",1539,4,2017,3,45.9,0.09,0.589698046181172
"737",1540,3,2017,3,47.4,0.03,0.422735346358792
"743",1541,3,2017,3,38.6,0,0.504440497335702
"747",1542,4,2017,3,26.4,0,0.657193605683837
"748",1543,7,2017,3,20.8,0,0.27708703374778
"750",1544,4,2017,3,28.5,0,0.898756660746004
"755",1545,6,2017,3,22.9,0,0.36056838365897
"772",1546,4,2017,3,47.8,0,0.568383658969805
"773",1547,7,2017,3,36,0.16,0.385435168738899
"775",1548,6,2017,3,22.5,0.07,0.381882770870337
"777",1549,1,2017,3,39.2,0.36,0.740674955595027
"784",1550,2,2017,3,36.3,0.01,0.0728241563055062
"785",1551,3,2017,3,29.8,1.29,0.563055062166963
"846",1552,5,2017,4,47.5,0,0.323268206039076
"849",1553,1,2017,4,46.6,0,0.369449378330373
"864",1554,4,2017,4,52.9,0.06,0.630550621669627
"870",1555,3,2017,4,49.1,0,0.367673179396092
"874",1556,1,2017,4,43,0,0.55595026642984
"901",1557,5,2017,4,53.1,0,0.930728241563055
"902",1558,6,2017,4,46.8,0,0.287744227353464
"904",1559,7,2017,4,46.3,0,0.369449378330373
"909",1560,4,2017,4,49.8,0,0.456483126110124
"915",1561,2,2017,4,49.8,0,0.330373001776199
"919",1562,1,2017,4,46.9,0,0.534635879218472
"922",1563,1,2017,4,56.4,0,0.275310834813499
"928",1564,3,2017,4,41.7,0,0.438721136767318
"935",1565,7,2017,4,46.5,0.27,0.326820603907638
"942",1566,4,2017,4,47.5,0.09,0.531083481349911
"963",1567,7,2017,4,53.4,0,0.243339253996448
"966",1568,5,2017,4,45.7,0.03,0.634103019538188
"978",1569,3,2017,4,42.6,0.38,0.451154529307282
"989",1570,6,2017,4,46.7,0.19,0.387211367673179
"992",1571,2,2017,4,49.7,0.01,0.692717584369449
"1000",1572,6,2017,4,54.2,0.11,0.58259325044405
"1010",1573,2,2017,4,47.8,0,0.325044404973357
"1011",1574,6,2017,4,43.9,0,0.522202486678508
"1014",1575,7,2017,4,51.9,0,0.262877442273535
"1032",1576,7,2017,4,39.7,1.45,0.321492007104796
"1036",1577,4,2017,4,41.9,0,0.674955595026643
"1042",1578,5,2017,4,47.8,0.12,0.641207815275311
"1045",1579,3,2017,4,53.1,0.76,0.52753108348135
"1067",1580,2,2017,4,42.9,0.03,0.470692717584369
"1076",1581,6,2017,4,39.8,1.43,0.458259325044405
"1114",1582,2,2017,5,48.3,0,0.564831261101243
"1123",1583,6,2017,5,57.5,0.03,0.252220248667851
"1136",1584,3,2017,5,55.4,0.01,0.596802841918295
"1141",1585,2,2017,5,53.5,0.01,0.557726465364121
"1150",1586,7,2017,5,51.8,0,0.252220248667851
"1171",1587,1,2017,5,51.4,0,0.685612788632327
"1172",1588,3,2017,5,48.7,0.02,0.595026642984014
"1191",1589,7,2017,5,52.7,0,0.506216696269982
"1207",1590,1,2017,5,49.6,0,0.0674955595026643
"1214",1591,6,2017,5,47.9,0,0.621669626998224
"1217",1592,7,2017,5,52.5,0.37,0.321492007104796
"1227",1593,4,2017,5,51.5,0,0.653641207815275
"1239",1595,3,2017,5,57.9,0,0.746003552397869
"1242",1597,1,2017,5,49.3,0,0.543516873889876
"1265",1598,5,2017,5,48.6,0,0.85968028419183
"1268",1599,4,2017,5,53.8,0.05,0.726465364120782
"1273",1600,4,2017,5,49.5,0,0.626998223801066
"1279",1601,2,2017,5,57.5,0.06,0.641207815275311
"1280",1602,3,2017,5,54.7,0.61,0.676731793960924
"1296",1603,3,2017,5,53.9,0.01,0.547069271758437
"1298",1604,1,2017,5,50,0.09,0.541740674955595
"1301",1605,2,2017,5,56.8,0.18,0.579040852575488
"1308",1606,1,2017,5,51.1,0.14,0.703374777975133
"1332",1607,5,2017,5,55.4,0.1,0.786856127886323
"1333",1608,2,2017,5,55.4,0,0.728241563055062
"1342",1609,6,2017,5,56.3,0.02,0.495559502664298
"1344",1610,7,2017,5,50.4,0.23,0.532859680284192
"1347",1611,6,2017,5,55.1,1.15,0.625222024866785
"1351",1612,5,2017,5,49.4,0,0.786856127886323
"1433",1613,7,2017,6,68.8,0,0.456483126110124
"1451",1614,2,2017,6,64.3,0,0.753108348134991
"1462",1615,5,2017,6,58.2,0,0.717584369449378
"1472",1616,4,2017,6,52.7,0.01,0.580817051509769
"1482",1617,4,2017,6,55.7,0.01,0.570159857904085
"1485",1618,1,2017,6,66.7,0,0.596802841918295
"1500",1619,3,2017,6,67.1,0,0.747779751332149
"1502",1620,6,2017,6,56.9,0,0.539964476021314
"1503",1621,4,2017,6,57.2,0,0.77797513321492
"1514",1622,7,2017,6,58,0,0.239786856127886
"1516",1623,4,2017,6,65.8,0,0.909413854351687
"1519",1624,6,2017,6,60.4,0,0.589698046181172
"1523",1625,1,2017,6,66,0,0.836589698046181
"1525",1626,7,2017,6,63.8,0.11,0.461811722912966
"1527",1627,7,2017,6,61.5,0,0.655417406749556
"1537",1628,4,2017,6,65.6,0,0.770870337477798
"1541",1629,5,2017,6,64.9,0,0.817051509769094
"1564",1630,5,2017,6,66.9,0,0.735346358792185
"1565",1631,3,2017,6,62.6,0,0.730017761989343
"1566",1632,2,2017,6,67.3,0,0.880994671403197
"1585",1633,3,2017,6,65.4,0,0.705150976909414
"1590",1634,6,2017,6,61.7,0.02,0.570159857904085
"1597",1635,6,2017,6,67.2,0,0.746003552397869
"1601",1636,1,2017,6,64.7,0.11,0.863232682060391
"55",1827,1,2018,1,36.4,0,0.415467625899281
"56",1828,7,2018,1,39.7,0,0.161870503597122
"61",1829,4,2018,1,38.5,0,0.661870503597122
"62",1830,3,2018,1,25.6,0,0.570143884892086
"80",1832,3,2018,1,31.4,0,0.64568345323741
"99",1833,4,2018,1,32.4,0.04,0.550359712230216
"100",1834,5,2018,1,28.9,0,0.487410071942446
"132",1835,4,2018,1,28,0,0.492805755395683
"134",1836,7,2018,1,27,0.01,0.298561151079137
"137",1837,3,2018,1,25,0.18,0.482014388489209
"138",1838,6,2018,1,36.8,0,0.327338129496403
"139",1839,1,2018,1,9.5,0,0.226618705035971
"150",1840,7,2018,1,43.4,0.01,0.151079136690647
"151",1841,2,2018,1,32.3,0,0.51978417266187
"163",1842,7,2018,1,9.3,0,0.266187050359712
"166",1843,5,2018,1,43.7,0,0.676258992805755
"170",1844,1,2018,1,31.6,0,0.350719424460432
"175",1845,3,2018,1,41.1,0.68,0.516187050359712
"182",1846,2,2018,1,14.7,0,0.586330935251799
"185",1847,5,2018,1,25.3,0,0.627697841726619
"187",1848,2,2018,1,38.3,0.01,0.640287769784173
"232",1849,6,2018,1,38.1,0,0.363309352517986
"235",1850,1,2018,1,35,0,0.705035971223022
"236",1851,2,2018,1,45.3,0,0.365107913669065
"238",1852,1,2018,1,40.3,0.2,0.365107913669065
"250",1853,6,2018,1,13.2,0,0.487410071942446
"252",1854,5,2018,1,23,2.14,0.669064748201439
"268",1855,2,2018,1,31.9,0.53,0.451438848920863
"271",1856,6,2018,1,45.4,0.41,0.494604316546763
"278",1857,4,2018,1,37.1,0.07,0.244604316546763
"325",1858,2,2018,2,30,0.12,0.390287769784173
"328",1859,5,2018,2,28.3,0.08,0.45863309352518
"340",1860,3,2018,2,36.9,0,0.616906474820144
"353",1861,1,2018,2,38.1,0.01,0.192446043165468
"357",1862,6,2018,2,41.6,0,0.397482014388489
"360",1863,4,2018,2,40.8,0.35,0.570143884892086
"362",1864,1,2018,2,42.1,0.72,0.411870503597122
"363",1865,5,2018,2,37.5,0.03,0.39568345323741
"386",1866,2,2018,2,40.3,0,0.544964028776978
"390",1867,3,2018,2,42.6,0,0.586330935251799
"409",1868,4,2018,2,43.1,0.03,0.399280575539568
"410",1869,4,2018,2,38.3,0,0.47841726618705
"412",1870,5,2018,2,44.8,0.14,0.456834532374101
"416",1871,2,2018,2,31.5,0.14,0.512589928057554
"417",1872,2,2018,2,45.6,0.06,0.372302158273381
"420",1873,7,2018,2,46.3,0.61,0.27158273381295
"424",1874,3,2018,2,45.9,0.02,0.491007194244604
"429",1875,3,2018,2,36.4,0,0.584532374100719
"440",1876,1,2018,2,42.5,1.28,0.679856115107914
"453",1877,7,2018,2,39.4,0.55,0.258992805755396
"459",1878,6,2018,2,42.3,0.09,0.381294964028777
"465",1879,6,2018,2,35.9,0.1,0.496402877697842
"468",1880,4,2018,2,34.6,0.62,0.517985611510791
"469",1881,7,2018,2,37.8,0,0.383093525179856
"470",1882,5,2018,2,34.2,0.07,0.51978417266187
"478",1883,7,2018,2,42.5,0.21,0.215827338129496
"479",1884,6,2018,2,19.8,0.08,0.26978417266187
"499",1885,1,2018,2,45,1.67,0.386690647482014
"564",1886,4,2018,3,41.6,0,0.512589928057554
"567",1887,5,2018,3,37.5,0.07,0.726618705035971
"580",1888,2,2018,3,32.5,0,0.483812949640288
"591",1889,3,2018,3,40.4,0,0.54136690647482
"598",1890,4,2018,3,46.7,0,0.523381294964029
"602",1891,6,2018,3,36.3,0,0.399280575539568
"621",1892,7,2018,3,36.3,0,0.246402877697842
"637",1893,5,2018,3,46.8,0,0.453237410071942
"641",1894,6,2018,3,43.6,0.08,0.469424460431655
"659",1895,7,2018,3,27.2,0,0.356115107913669
"687",1897,1,2018,3,36.7,0,0.631294964028777
"688",1898,1,2018,3,30.5,0,0.643884892086331
"716",1899,5,2018,3,35.5,0.01,0.760791366906475
"727",1900,1,2018,3,36.4,0.01,0.68705035971223
"736",1901,3,2018,3,38.1,0,0.339928057553957
"738",1902,4,2018,3,36.5,0,0.649280575539568
"745",1903,6,2018,3,38.1,0,0.429856115107914
"756",1904,2,2018,3,37.6,0,0.537769784172662
"759",1905,7,2018,3,35.8,0,0.293165467625899
"762",1906,2,2018,3,37.7,0.08,0.62589928057554
"766",1907,4,2018,3,39.6,0.79,0.548561151079137
"768",1908,6,2018,3,33.3,0,0.420863309352518
"769",1909,3,2018,3,36.8,0,0.267985611510791
"776",1910,7,2018,3,39.6,0.11,0.232014388489209
"778",1911,4,2018,3,36.1,0.86,0.775179856115108
"780",1912,3,2018,3,34.8,0.99,0.58273381294964
"782",1913,1,2018,3,37.8,0.38,0.517985611510791
"788",1914,2,2018,3,35,1.54,0.449640287769784
"789",1915,6,2018,3,40.2,0,0.505395683453237
"790",1916,5,2018,3,45.3,0.35,1
"850",1917,3,2018,4,37.9,0,0.510791366906475
"852",1918,7,2018,4,50.5,0,0.318345323741007
"853",1919,6,2018,4,49.5,0.13,0.496402877697842
"858",1920,2,2018,4,37.7,0,0.611510791366906
"862",1921,2,2018,4,44.7,0,0.616906474820144
"865",1922,1,2018,4,46.4,0,0.62410071942446
"885",1923,4,2018,4,42.8,0,0.507194244604317
"888",1924,4,2018,4,41.8,0.02,0.679856115107914
"889",1925,1,2018,4,37.7,0.01,0.420863309352518
"892",1926,7,2018,4,46.3,0,0.431654676258993
"903",1927,6,2018,4,44.6,0,0.460431654676259
"927",1928,2,2018,4,35.3,0.3,0.401079136690647
"950",1929,1,2018,4,36.3,0.01,0.534172661870504
"969",1930,5,2018,4,43.2,0.08,0.681654676258993
"970",1931,1,2018,4,46.2,0.07,0.589928057553957
"984",1932,7,2018,4,44.2,0,0.127697841726619
"990",1933,6,2018,4,43.5,0.1,0.285971223021583
"993",1934,6,2018,4,47.7,0.08,0.532374100719424
"997",1935,4,2018,4,50,0.81,0.721223021582734
"998",1936,7,2018,4,37.9,0.03,0.251798561151079
"1002",1937,7,2018,4,39.7,0,0.327338129496403
"1003",1938,2,2018,4,45.6,0.43,0.489208633093525
"1013",1939,5,2018,4,48.8,0.03,0.651079136690647
"1022",1940,4,2018,4,39.9,0.17,0.365107913669065
"1046",1941,5,2018,4,47.7,0.02,0.767985611510791
"1050",1942,3,2018,4,41.9,0.05,0.600719424460432
"1055",1943,3,2018,4,49.2,0.01,0.535971223021583
"1057",1944,3,2018,4,47.3,0.39,0.406474820143885
"1059",1945,5,2018,4,38,0,0.336330935251799
"1074",1946,1,2018,4,44.7,0.11,0.742805755395683
"1113",1947,4,2018,5,54.1,0.32,0.726618705035971
"1116",1948,2,2018,5,54.6,0,0.649280575539568
"1122",1949,4,2018,5,55.1,0,0.665467625899281
"1130",1950,1,2018,5,50.5,0,0.649280575539568
"1134",1951,7,2018,5,52.5,0,0.300359712230216
"1142",1952,2,2018,5,48.4,0,0.733812949640288
"1143",1953,1,2018,5,60.9,0.03,0.535971223021583
"1154",1954,6,2018,5,48.9,0,0.492805755395683
"1176",1955,3,2018,5,59.2,0,0.683453237410072
"1192",1956,2,2018,5,48.4,0.01,0.692446043165468
"1194",1957,3,2018,5,51.2,0,0.688848920863309
"1195",1958,7,2018,5,49.7,0.09,0.361510791366906
"1196",1959,3,2018,5,55.3,0.02,0.643884892086331
"1203",1960,6,2018,5,49.6,0,0.45863309352518
"1218",1961,2,2018,5,57.7,0.01,0.865107913669065
"1220",1962,3,2018,5,57.3,0.24,0.721223021582734
"1226",1963,1,2018,5,53,0.48,0.660071942446043
"1230",1964,4,2018,5,51,0.01,0.602517985611511
"1232",1965,5,2018,5,53.3,0.02,0.710431654676259
"1234",1966,4,2018,5,54,0,0.830935251798561
"1246",1967,5,2018,5,56.8,0,0.857913669064748
"1253",1968,4,2018,5,56.3,0.11,0.794964028776978
"1281",1969,1,2018,5,53.4,0.08,0.143884892086331
"1286",1970,6,2018,5,58.8,0,0.491007194244604
"1292",1971,7,2018,5,56.5,0.15,0.449640287769784
"1303",1972,2,2018,5,53.9,0,0.809352517985611
"1307",1973,7,2018,5,53.7,0,0.285971223021583
"1312",1974,3,2018,5,54.5,0,0.834532374100719
"1317",1975,5,2018,5,56.5,0,0.847122302158273
"1322",1976,6,2018,5,58,0,0.492805755395683
"1331",1977,5,2018,5,52.2,0.17,0.517985611510791
"1411",1978,7,2018,6,66.7,0,0.537769784172662
"1417",1979,5,2018,6,58.6,0.13,0.760791366906475
"1421",1980,6,2018,6,71.1,0,0.580935251798561
"1436",1981,7,2018,6,61.5,0,0.368705035971223
"1441",1982,7,2018,6,62.7,1.03,0.404676258992806
"1447",1983,6,2018,6,62.9,0.06,0.679856115107914
"1449",1984,4,2018,6,51.5,0,0.656474820143885
"1456",1985,5,2018,6,59,0,0.719424460431655
"1463",1986,3,2018,6,62.8,0,0.665467625899281
"1464",1987,4,2018,6,63.4,0.09,0.87589928057554
"1467",1988,6,2018,6,62.8,0.01,0.627697841726619
"1473",1989,3,2018,6,62.7,0,0.381294964028777
"1489",1990,5,2018,6,61.1,0.11,0.719424460431655
"1499",1991,1,2018,6,56.2,0,0.643884892086331
"1507",1992,5,2018,6,68,0.96,0.929856115107914
"1509",1993,5,2018,6,54.8,0,0.77158273381295
"1511",1994,6,2018,6,59.2,0.16,0.33273381294964
"1517",1995,2,2018,6,60.7,0.02,0.780575539568345
"1530",1996,2,2018,6,55.3,0,0.705035971223022
"1533",1997,3,2018,6,54.8,0,0.580935251798561
"1539",1998,1,2018,6,62.9,0,0.863309352517986
"1551",1999,3,2018,6,59.4,0,0.679856115107914
"1562",2000,2,2018,6,67.7,0.03,0.870503597122302
"1581",2001,7,2018,6,52.8,0,0.35431654676259
"65",2192,3,2019,1,31.6,0,0.441964285714286
"69",2193,2,2019,1,29.4,0,0.587053571428571
"72",2194,5,2019,1,33.2,0,0.537946428571429
"73",2195,6,2019,1,34.5,0.07,0.276785714285714
"74",2196,7,2019,1,26,0,0.0424107142857143
"78",2197,3,2019,1,35,0.61,0.328125
"86",2198,2,2019,1,33.8,0,0.727678571428571
"104",2199,6,2019,1,30.5,0,0.397321428571429
"117",2200,7,2019,1,35.1,0,0.200892857142857
"118",2201,4,2019,1,29.4,0,0.515625
"140",2202,5,2019,1,39,0.01,0.542410714285714
"141",2203,5,2019,1,28.6,0,0.645089285714286
"152",2204,2,2019,1,36.3,0,0.482142857142857
"154",2205,3,2019,1,31.3,0,0.5
"155",2206,1,2019,1,35.7,0,0.46875
"157",2207,4,2019,1,39.4,0,0.332589285714286
"164",2208,4,2019,1,34.9,0.01,0.502232142857143
"167",2209,6,2019,1,23.1,0,0.368303571428571
"176",2210,7,2019,1,39.7,0.86,0.046875
"194",2211,1,2019,1,13.7,1.5,0.127232142857143
"195",2212,6,2019,1,43.8,0.25,0.223214285714286
"197",2213,1,2019,1,32.8,0,0.776785714285714
"201",2214,1,2019,1,27.4,0,0.508928571428571
"205",2215,3,2019,1,44.4,0.12,0.354910714285714
"239",2216,5,2019,1,37,0.28,0.694196428571429
"246",2217,2,2019,1,15.8,0,0.607142857142857
"247",2218,7,2019,1,43.2,0.61,0.125
"251",2219,3,2019,1,36.8,0.39,0.613839285714286
"255",2220,4,2019,1,15.7,0,0.549107142857143
"263",2221,2,2019,1,47.4,0.84,0.165178571428571
"265",2222,4,2019,1,46.5,0,0.529017857142857
"315",2223,6,2019,2,34.8,0,0.1875
"319",2224,2,2019,2,43,0,0.479910714285714
"321",2225,1,2019,2,39.7,0,0.660714285714286
"343",2226,3,2019,2,39.1,0,0.580357142857143
"345",2227,7,2019,2,30.9,0.01,0.1875
"350",2228,5,2019,2,38.3,0.2,0.426339285714286
"352",2229,1,2019,2,30.7,0,0.475446428571429
"356",2230,3,2019,2,26.7,0,0.580357142857143
"368",2231,7,2019,2,28.7,0,0.200892857142857
"380",2232,5,2019,2,40.6,0.02,0.683035714285714
"387",2233,1,2019,2,32.8,0.17,0.113839285714286
"408",2234,2,2019,2,29.4,0,0.741071428571429
"411",2235,4,2019,2,26,0.04,0.767857142857143
"414",2236,5,2019,2,17.6,0,0.660714285714286
"436",2237,3,2019,2,21.6,0,0.388392857142857
"438",2238,6,2019,2,41.1,0.05,0.401785714285714
"452",2239,7,2019,2,35.4,0,0.301339285714286
"461",2240,4,2019,2,39.1,0.33,0.520089285714286
"472",2241,4,2019,2,35.5,0.03,0.689732142857143
"474",2242,6,2019,2,31.5,0,0.412946428571429
"483",2243,2,2019,2,25.9,0.11,0.383928571428571
"487",2244,4,2019,2,36.8,0.24,0.540178571428571
"488",2245,5,2019,2,39.8,0,0.582589285714286
"497",2246,6,2019,2,23.5,0,0.495535714285714
"501",2247,2,2019,2,29.2,0,0.703125
"503",2248,3,2019,2,41.1,0.3,0.633928571428571
"512",2249,7,2019,2,40.5,0.01,0.102678571428571
"522",2250,1,2019,2,38.7,0.63,0.770089285714286
"559",2251,5,2019,3,26.7,0,0.794642857142857
"561",2252,3,2019,3,36.9,0,0.511160714285714
"574",2253,3,2019,3,34.5,0,0.462053571428571
"575",2254,4,2019,3,39,0,0.571428571428571
"581",2255,6,2019,3,35.1,0,0.375
"594",2256,4,2019,3,36.3,0,0.645089285714286
"606",2257,1,2019,3,34.5,0,0.491071428571429
"613",2258,5,2019,3,44.4,0,0.464285714285714
"615",2259,7,2019,3,34.5,0.73,0.330357142857143
"616",2260,6,2019,3,46.1,0,0.359375
"627",2261,2,2019,3,35.2,0,0.46875
"633",2262,1,2019,3,42.5,0,0.381696428571429
"634",2263,2,2019,3,28.2,1.1,0.633928571428571
"640",2264,5,2019,3,27.2,0,0.662946428571429
"644",2265,2,2019,3,38.6,0,0.515625
"646",2266,7,2019,3,49.2,0,0.212053571428571
"654",2267,3,2019,3,34.4,0,0.462053571428571
"663",2268,2,2019,3,36.9,0,0.569196428571429
"668",2269,3,2019,3,25.4,0,0.522321428571429
"671",2270,7,2019,3,36.3,0,0.142857142857143
"677",2271,5,2019,3,45.3,0,0.709821428571429
"683",2272,4,2019,3,22.1,0,0.448660714285714
"684",2273,1,2019,3,41.7,0.46,0.647321428571429
"712",2274,4,2019,3,40.7,0,0.600446428571429
"718",2275,7,2019,3,39.1,0,0.247767857142857
"723",2276,6,2019,3,46.9,0.11,0.435267857142857
"757",2277,5,2019,3,42.3,0.75,0.810267857142857
"764",2278,7,2019,3,36.8,0,0.238839285714286
"767",2279,6,2019,3,35.1,0.35,0.640625
"770",2280,1,2019,3,37.9,1.22,0.330357142857143
"771",2281,6,2019,3,39.3,0,0.390625
"848",2282,4,2019,4,47.7,0.02,0.363839285714286
"863",2283,7,2019,4,45.3,0.01,0.294642857142857
"875",2284,5,2019,4,43.8,0,0.743303571428571
"876",2285,2,2019,4,45.6,0.31,0.517857142857143
"878",2286,7,2019,4,50.8,0.04,0.227678571428571
"883",2287,3,2019,4,47.5,0,0.59375
"891",2288,1,2019,4,52.1,0.03,0.372767857142857
"894",2289,5,2019,4,39.4,0,0.772321428571429
"897",2290,3,2019,4,51.5,0.03,0.357142857142857
"899",2291,6,2019,4,49.7,0,0.544642857142857
"929",2292,1,2019,4,47.8,0.24,0.46875
"931",2293,2,2019,4,37.1,0,0.441964285714286
"933",2294,6,2019,4,46.3,0.07,0.517857142857143
"943",2295,7,2019,4,46.9,0.14,0.0892857142857143
"953",2296,1,2019,4,46.2,0,0.533482142857143
"957",2297,4,2019,4,40.3,0,0.40625
"961",2298,2,2019,4,41.4,0.19,0.40625
"967",2299,2,2019,4,48.8,0.28,0.529017857142857
"973",2300,3,2019,4,41.8,0.1,0.620535714285714
"981",2301,1,2019,4,41.8,0.07,0.551339285714286
"999",2302,7,2019,4,52.2,0.51,0.0959821428571429
"1005",2303,4,2019,4,44.5,0.19,0.680803571428571
"1015",2304,5,2019,4,53.7,0,0.4375
"1016",2305,6,2019,4,54.5,0,0.225446428571429
"1019",2306,1,2019,4,52,0.03,0.674107142857143
"1024",2307,4,2019,4,43.7,0,0.412946428571429
"1028",2308,5,2019,4,46.8,0,0.323660714285714
"1033",2309,2,2019,4,47.1,0.58,0.631696428571429
"1061",2310,6,2019,4,52.9,1.04,0.381696428571429
"1072",2311,3,2019,4,43.7,2.28,0.575892857142857
"1119",2312,3,2019,5,46.9,0,0.544642857142857
"1156",2313,6,2019,5,51.3,0.08,0.441964285714286
"1158",2314,4,2019,5,51.3,0.42,0.602678571428571
"1162",2315,2,2019,5,48.3,0.25,0.651785714285714
"1166",2316,4,2019,5,53.3,0,0.640625
"1167",2317,7,2019,5,46.9,0.08,0.388392857142857
"1182",2318,7,2019,5,45.7,0.09,0.522321428571429
"1187",2319,4,2019,5,49.4,0.01,0.698660714285714
"1198",2320,5,2019,5,58.2,0.48,0.915178571428571
"1206",2321,1,2019,5,57.2,0,0.745535714285714
"1208",2322,6,2019,5,56.8,0.01,0.629464285714286
"1216",2323,5,2019,5,52.3,0,0.828125
"1222",2324,7,2019,5,52,0,0.428571428571429
"1233",2325,4,2019,5,47.7,0,0.53125
"1249",2326,5,2019,5,47.3,0,0.660714285714286
"1258",2327,3,2019,5,48.5,0.01,0.75
"1266",2328,4,2019,5,52.5,0,0.819196428571429
"1267",2329,7,2019,5,57.6,0.07,0.345982142857143
"1269",2330,6,2019,5,56.7,0.08,0.65625
"1278",2331,3,2019,5,53,0.01,0.65625
"1297",2332,2,2019,5,44.9,0.38,0.59375
"1302",2333,2,2019,5,51.6,0,0.667410714285714
"1306",2334,5,2019,5,48.4,0,0.680803571428571
"1309",2335,3,2019,5,56.7,0,0.754464285714286
"1315",2336,3,2019,5,54.6,0.45,0.549107142857143
"1316",2337,1,2019,5,62.1,0,0.194196428571429
"1319",2338,1,2019,5,46.1,0.68,0.575892857142857
"1323",2339,2,2019,5,58.9,0.11,0.870535714285714
"1345",2340,6,2019,5,56.9,0,0.368303571428571
"1353",2341,1,2019,5,48.1,1.04,0.613839285714286
"1359",2342,5,2019,5,59.3,0.01,0.832589285714286
"1407",2343,5,2019,6,66.8,0,0.888392857142857
"1409",2344,4,2019,6,61.4,0.13,0.845982142857143
"1412",2345,7,2019,6,57.7,0,0.381696428571429
"1414",2346,5,2019,6,59.8,0.22,0.845982142857143
"1422",2347,2,2019,6,60.4,0.02,0.816964285714286
"1428",2348,3,2019,6,62.3,0.32,0.526785714285714
"1453",2349,7,2019,6,56.9,0,0.357142857142857
"1457",2350,4,2019,6,61,0.12,0.763392857142857
"1459",2351,2,2019,6,61.5,0,0.685267857142857
"1480",2352,1,2019,6,66,0,0.439732142857143
"1484",2353,3,2019,6,67.3,0.6,1
"1486",2354,6,2019,6,55.3,0.15,0.450892857142857
"1508",2355,6,2019,6,65.8,0,0.680803571428571
"1513",2356,1,2019,6,59.4,0,0.575892857142857
"1524",2357,3,2019,6,62.9,0.57,0.738839285714286
"1532",2358,7,2019,6,69.3,0,0.477678571428571
"1547",2359,3,2019,6,59.8,0,0.669642857142857
"1549",2360,1,2019,6,68.5,0,0.839285714285714
"1553",2361,7,2019,6,65.7,0.29,0.455357142857143
"1559",2362,6,2019,6,62.7,0,0.591517857142857
"1560",2363,5,2019,6,63.2,0.01,0.928571428571429
"1572",2364,2,2019,6,58.5,0,0.580357142857143
"1573",2365,7,2019,6,62.8,0,0.34375
"1575",2366,2,2019,6,63.7,0.34,0.729910714285714
